id,first_name,last_name,username,password,createdAt,updatedAt
1,Kevin,Madden,kmadden84@gmail.com,$2a$10$YALlaogTWBrqhQM/wCWb..A27RBiDhKFZS8pDe4ew7J/.HttDWz2K,2019-07-19 21:58:20.822 +00:00,2019-07-19 21:58:20.822 +00:00
2,cindy,jackson,cindy@jackson.com,$2a$10$tuhRVwaE/8x8sa2mONoiaeXxbC.kTJqc1E/UQUtLC5wFGPcyG52ei,2019-07-19 22:54:22.172 +00:00,2019-07-19 22:54:22.172 +00:00
3,Carol,Bernard,carol@bernard.com,$2a$10$Z/o0QJ8zkt2ogn48LEbrfeuCT4caGqwRQvkjziZ8XuTK0ZiMrV.Ne,2019-07-19 23:16:05.158 +00:00,2019-07-19 23:16:05.158 +00:00
4,jared,bellusci,jared@bellusci.com,$2a$10$J4y7CgduOUuibJNY.0YXVu/GzRG/IffW3cO7aI2A0bbjj/XG1omMm,2019-07-19 23:20:24.050 +00:00,2019-07-19 23:20:24.050 +00:00
5,Mark,Anthony,mark@anthony.com,$2a$10$wWQssNWbhBpLreSCCEfux.OysQWdK3MOFTuQy.KMLqXFdWShWEVKS,2019-07-19 23:21:49.200 +00:00,2019-07-19 23:21:49.200 +00:00
6,Elizabeth,Berkley,elizabeth@berkley.com,$2a$10$sQv6f0TidAXeoqKERa2kIeeuMHqdjLHDOhDzhu90zpvU/R8qivp8a,2019-07-19 23:23:11.817 +00:00,2019-07-19 23:23:11.817 +00:00
7,Carly,Jepsen,carly@jepsen.com,$2a$10$pMkwGQQYrNPMnNl962CCmeYHL2D9riZHYpGJSPtZo7BwmuY9ub.py,2019-07-19 23:31:11.121 +00:00,2019-07-19 23:31:11.121 +00:00
8,Dorothy,Slattery,dorothy@slattery.com,$2a$10$pnl2Nbs9C/mcbs90h7cxCePmzvQKt946u3khfrUTC9hYmp1frDFDe,2019-07-19 23:32:47.801 +00:00,2019-07-19 23:32:47.801 +00:00
9,Sadie,Sanderson,sadie@sanderson.com,$2a$10$TS/p5r1i2ByDOIFuqqX1aOeRCrWbP7h/YAHcBlNd2JCOaWsK3DgKW,2019-07-19 23:42:55.423 +00:00,2019-07-19 23:42:55.423 +00:00
10,Theresa,Jackson,theresa@jackson.com,$2a$10$T/vWPW.LCFb4Wm0CYMwnA.60f/5ecZYRGAb3I0rZi4E6FKuvRpPMy,2019-07-19 23:44:56.109 +00:00,2019-07-19 23:44:56.109 +00:00
11,Lisa,Bradshaw,lisa@bradshaw.com,$2a$10$cMMV/z66EB5E2aY/qPNxwuCX7nQ0wq5WAeWyde26H/wD5OF8CD4me,2019-07-19 23:46:37.098 +00:00,2019-07-19 23:46:37.098 +00:00
12,Ginger,Moneypenny,ginger@moneypenny.com,$2a$10$7QzZxVPfItDvlwSxc70QtObKdj0Z1z5tF47VKygeEvFpkHmyGeSNu,2019-07-19 23:48:07.644 +00:00,2019-07-19 23:48:07.644 +00:00
13,Terry,Virgil,terry@virgil.com,$2a$10$eJp5XrBGd256hn7lvSGfw.NbxUdPdu21K1gbP.kxBoomrlgu.NnHi,2019-07-20 00:16:42.666 +00:00,2019-07-20 00:16:42.666 +00:00
14,Sean,Bean,sean@bean.com,$2a$10$nDXs0aaCS7.BFhxtJJ4lnuXwi.vs1190T/XWap/RTkJWEhIXYz9GO,2019-07-20 00:21:04.196 +00:00,2019-07-20 00:21:04.196 +00:00
15,Jerry,Seinfeld,jerry@seinfeld.com,$2a$10$KYhK0ogxX38j29w48SDZK.utC8qQga3FqxwRwXIy/4XA/sZVeeXfi,2019-07-20 00:22:45.187 +00:00,2019-07-20 00:22:45.187 +00:00
16,Terry ,Bradshaw,terry@bradshaw.com,$2a$10$lYMSE2rbpbHHsGND28.t8usIYi/508z1eC3lI8oXRdveU5J8hnedy,2019-07-20 00:24:45.826 +00:00,2019-07-20 00:24:45.826 +00:00
17,Steve,Perry,steve@perry.com,$2a$10$LjQfbbPYeabt8Yi4/F.DjuRqVIYBn8D.IsoOna.RCAQmIJ0WjCH56,2019-07-20 00:25:51.444 +00:00,2019-07-20 00:25:51.444 +00:00
18,Tad,Jeremiah,tad@jeremiah.com,$2a$10$cO7LKuyTCrnh1psmzccW7et7MSWAvZvfHQFzcByBxFg4I7pudeBzS,2019-07-20 22:17:51.596 +00:00,2019-07-20 22:17:51.596 +00:00
